{
    "5TEE5YvBRuY": [],
    "RtCOftxg6gM": [],
    "UEutwGgwGeY": [],
    "P38r_d0hPSE": [],
    "3shR4QuO6ZA": [],
    "ECeJ60g1sSE": [
        [
            184.89983100000003,
            212.5307770000001
        ]
    ],
    "3vkwvvq8eK4": [
        [
            108.95046399999998,
            142.62878299999997
        ]
    ],
    "c6qi8vdOO2c": [
        [
            59.43424000000001,
            90.08682199999993
        ]
    ],
    "rT5olnrurso": [
        [
            275.9612119999998,
            299.6745919999999
        ]
    ],
    "ooPZKrATQL0": [],
    "RjRauGkHKyg": [
        [
            0.0,
            33.114973000000006
        ]
    ],
    "kh_xZ-3tfcQ": [],
    "zFwg6F00ECU": [
        [
            64.6427329999997,
            99.4542249999999
        ]
    ],
    "MGVHHI9B0wU": [],
    "WZKIP9YUcsY": [],
    "cY93SNYwN1M": [],
    "gogznMQ623o": [],
    "fz33Ix3XNpI": [
        [
            0.0,
            77.48605199999992
        ]
    ],
    "KxDW4wh0Phk": [],
    "ccG8qBkmNgY": [],
    "4badv9mnRz8": [
        [
            0.0,
            32.106052
        ]
    ],
    "kN7PwnffT30": [],
    "uHGhw82rQY8": [],
    "fx9B2cLXQ6Q": [],
    "UMt9IyT1ETA": [],
    "snbc10_6xbY": [],
    "jQuxQVVbOSE": [
        [
            0.0,
            63.08269800000001
        ]
    ],
    "BGiXusrNuRQ": [],
    "o2wwaxNt3Is": [
        [
            0.0,
            62.20270700000001
        ]
    ],
    "5oUHxgocFfQ": [],
    "1Lzr0IxdxEg": [],
    "yYC-_od95wQ": [],
    "i7mNDXStciU": [],
    "OVZcl0oE5JE": [
        [
            0.0,
            33.565861000000005
        ]
    ],
    "-j_YN3r_PdQ": [
        [
            470.0925249999997,
            499.04284599999994
        ]
    ],
    "PPOcttntGZ0": [],
    "fLeNZQ70gl8": [
        [
            0.0,
            21.708429000000002
        ]
    ],
    "eBTletvfMfU": [],
    "jTv9r1_a7n0": [],
    "gQKLOjaorHY": [],
    "BEKugj_L2vY": [
        [
            536.0412189999998,
            542.2719380000001
        ]
    ],
    "s3WzHEo61Do": [
        [
            0.0,
            35.667789000000006
        ]
    ],
    "NOPNWo7tUgg": [],
    "pe4yb9dMQ2U": [
        [
            0.0,
            40.560263000000006
        ]
    ],
    "v_5fk18bQNs": [
        [
            43.422728000000006,
            53.75976100000001
        ]
    ],
    "3iUoo3frW_8": [
        [
            42.80031500000001,
            66.31811999999996
        ]
    ],
    "l57ddlWVDtg": [],
    "x7_Lg8dhVTk": [],
    "RJcRQOT21yc": [
        [
            57.30650800000001,
            76.30597399999998
        ]
    ],
    "UoahQ5PmfIg": [],
    "nJwqxjo6GsI": [],
    "nYsOBfs5kxQ": [
        [
            50.04800900000001,
            77.270186
        ]
    ],
    "QHByqAObTbI": [],
    "pLCYVVmS4EY": [],
    "K06pqIYpT1s": [],
    "tmR-igoaY6c": [],
    "JZ4mYy05gnc": [
        [
            0.0,
            30.435312000000007
        ]
    ],
    "KiEi0e5bBDo": [
        [
            35.298865000000006,
            73.93281999999999
        ]
    ],
    "AZZPZKbUPDY": [],
    "_3PO2jUjuyE": [],
    "DLJrexz92FI": [],
    "3D5vITtqb6Q": [
        [
            204.86001900000002,
            235.807327
        ]
    ],
    "C5JpByMjb2I": [],
    "9hGGloAS02Q": [
        [
            54.60880300000001,
            83.10363099999996
        ]
    ],
    "-66FU7JTtJs": [],
    "a-9bARItq5o": [
        [
            643.2725380000004,
            651.2000460000005
        ]
    ],
    "3i_A_8hAqB8": [
        [
            0.0,
            52.6175
        ]
    ],
    "3Zf9Kl4yxzc": [],
    "W-TJ9OG4oQU": [
        [
            33.884207,
            64.58068099999994
        ]
    ],
    "if5_fK8F4ow": [],
    "u_NJ8OF9_LU": [],
    "3GYT7J90VRs": [
        [
            0.0,
            38.064645000000006
        ]
    ],
    "iXkcQErm9Gc": [],
    "xFJ9EW8h2-o": [
        [
            0.0,
            29.312953000000007
        ]
    ],
    "DkyAOfDGoa4": [],
    "MYLbhXTAINM": [],
    "gxEXRqRBr-s": [],
    "K7XvY3xRelg": [],
    "NGykDseO5_o": [],
    "EuiWkCK1DEo": [],
    "SVMuq_XL4mY": [
        [
            0.0,
            62.272847
        ]
    ],
    "duDiLpiLTBk": [
        [
            0.0,
            28.947972000000007
        ]
    ],
    "9gJR1VNOZxY": [],
    "PBr1t0nZIYs": [],
    "34cbHgwKDmI": [
        [
            0.0,
            37.652825000000014
        ]
    ],
    "4EP6j0sxX4k": [
        [
            0.0,
            32.992125
        ]
    ],
    "VfJKZzYgZ68": [],
    "GdjyiU6qTmo": [],
    "6ybEH8HIr6Y": [],
    "gpGUnqG53To": [],
    "PVjXyRdzujE": [],
    "5xuftLcW5iw": [],
    "YW0sSxMU0hI": [],
    "Z3XbcSpu9x8": [],
    "zglfkSvAP6k": [],
    "GDComCoXK7U": [],
    "le-e5qRu9F4": [
        [
            75.38899299999997,
            116.58418499999993
        ]
    ],
    "WHhUpHWLe5Y": [],
    "D-2tQ_16NzU": [],
    "gqXuCZyqlw0": [],
    "Lkx72IGIV_s": [],
    "avJtxaQ-7y8": [
        [
            53.410540000000005,
            87.17497700000001
        ]
    ],
    "J2qxzhh-tHI": [],
    "XBJs9KG0Nxo": [],
    "DKopjKwwAWg": [],
    "I5EWo_v0358": []
}