{
    "5TEE5YvBRuY": [],
    "RtCOftxg6gM": [],
    "UEutwGgwGeY": [],
    "P38r_d0hPSE": [
        [
            0.0,
            29.22812000000001
        ]
    ],
    "3shR4QuO6ZA": [],
    "ECeJ60g1sSE": [
        [
            184.89983100000003,
            212.5307770000001
        ]
    ],
    "3vkwvvq8eK4": [
        [
            108.95046399999998,
            142.62878299999997
        ]
    ],
    "c6qi8vdOO2c": [
        [
            59.425649,
            90.11710399999998
        ]
    ],
    "rT5olnrurso": [
        [
            275.9612119999998,
            299.6745919999999
        ]
    ],
    "ooPZKrATQL0": [],
    "RjRauGkHKyg": [
        [
            0.0,
            33.140424
        ]
    ],
    "kh_xZ-3tfcQ": [],
    "zFwg6F00ECU": [
        [
            64.6427329999997,
            99.4542249999999
        ]
    ],
    "MGVHHI9B0wU": [],
    "WZKIP9YUcsY": [],
    "cY93SNYwN1M": [],
    "gogznMQ623o": [],
    "fz33Ix3XNpI": [
        [
            0.3774550000000012,
            77.54121599999993
        ]
    ],
    "KxDW4wh0Phk": [],
    "ccG8qBkmNgY": [],
    "4badv9mnRz8": [
        [
            0.0,
            32.106052
        ]
    ],
    "kN7PwnffT30": [],
    "uHGhw82rQY8": [],
    "fx9B2cLXQ6Q": [],
    "UMt9IyT1ETA": [],
    "snbc10_6xbY": [],
    "jQuxQVVbOSE": [
        [
            0.0,
            63.08269800000001
        ]
    ],
    "BGiXusrNuRQ": [],
    "o2wwaxNt3Is": [
        [
            0.0,
            62.20270700000001
        ]
    ],
    "5oUHxgocFfQ": [],
    "1Lzr0IxdxEg": [],
    "yYC-_od95wQ": [],
    "i7mNDXStciU": [],
    "OVZcl0oE5JE": [
        [
            0.0,
            33.565861000000005
        ]
    ],
    "-j_YN3r_PdQ": [
        [
            470.0925249999997,
            499.04284599999994
        ]
    ],
    "PPOcttntGZ0": [],
    "fLeNZQ70gl8": [
        [
            0.0,
            21.708429000000002
        ]
    ],
    "eBTletvfMfU": [],
    "jTv9r1_a7n0": [],
    "gQKLOjaorHY": [],
    "BEKugj_L2vY": [
        [
            536.0412189999998,
            542.2719380000001
        ]
    ],
    "s3WzHEo61Do": [
        [
            0.0,
            35.667789000000006
        ]
    ],
    "NOPNWo7tUgg": [],
    "pe4yb9dMQ2U": [
        [
            0.0,
            40.560263000000006
        ]
    ],
    "v_5fk18bQNs": [
        [
            43.422728000000006,
            53.75976100000001
        ]
    ],
    "3iUoo3frW_8": [
        [
            42.80031500000001,
            66.31811999999996
        ]
    ],
    "l57ddlWVDtg": [],
    "x7_Lg8dhVTk": [],
    "RJcRQOT21yc": [
        [
            57.30650800000001,
            76.30597399999998
        ]
    ],
    "UoahQ5PmfIg": []
}